target_version,model,mean_mse,std_mse,mean_rmse,std_rmse,mean_mae,std_mae,mean_r2,std_r2
Sem transformação,XGBoost Regressor,1.3915235229158604e+16,3098413514139379.5,117321481.15079184,12948843.352164216,58939848.4,2493276.234980758,0.5940431952476501,0.059519197505451094
Sem transformação,Random Forest Regressor,1.4376617272072814e+16,2997360781041011.0,119314796.95572829,12498733.246308835,59529760.63801502,2332628.9366241517,0.578880517341549,0.06780844649925398
Sem transformação,Gradient Boosting Regressor,1.4584532767766116e+16,3156142531970869.5,120147844.33990625,12868059.865840783,59192082.56831714,2667063.316381322,0.5708361283472451,0.08563971454667356
Sem transformação,Linear Regression,1.5119920444979274e+16,3619391897645683.0,122182097.483022,14585209.388988795,63626438.29380234,2559481.754909847,0.5618233965220543,0.05359083153888936
Sem transformação,Decision Tree Regressor,1.71447374649739e+16,3191171813104448.5,130441547.60840282,12006485.4001995,64027637.74594532,1937334.9256489694,0.4935885987215366,0.09690354152822475
Sem transformação,KNN Regressor,1.7299852151346708e+16,3587695357532671.5,130871134.40875813,13848318.386138242,66957426.325524986,3604245.354276736,0.4966224963752749,0.056688385984083954
Sem transformação,Dummy Regressor,3.4545088009087576e+16,6786682606584334.0,184991285.25603324,18953521.76036336,104666293.32840237,3147359.298677788,-0.0003989198111052472,0.0008728641919924366
Sem transformação,SVR,3.861809571804094e+16,7095096242500078.0,195708823.19177774,18742472.35352635,86554917.73170665,3112666.884550022,-0.12123054648509479,0.017762453701696577
